VariableName,TypeAndUnit,IsWritable,,,
AUTOPILOT PITCH HOLD,Bool,N,,,
STRUCT AMBIENT WIND,Feet per second,N,,,
LAUNCHBAR POSITION,Percent over 100,N,,,
NUMBER OF CATAPULTS,Number,N,,,
HOLDBACK BAR INSTALLED,Bool,N,,,
BLAST SHIELD POSITION:index,Percent over 100,N,,,
RECIP ENG DETONATING:index,Bool,N,,,
RECIP ENG CYLINDER HEALTH:index,Percent over 100,N,,,
RECIP ENG NUM CYLINDERS,Number,N,,,
RECIP ENG NUM CYLINDERS FAILED,Number,N,,,
RECIP ENG ANTIDETONATION TANK VALVE:index,Bool,Y,,,
RECIP ENG ANTIDETONATION TANK QUANTITY:index,Gallons,Y,,,
RECIP ENG ANTIDETONATION TANK MAX QUANTITY:index,Gallons,N,,,
RECIP ENG NITROUS TANK VALVE:index,Bool,Y,,,
RECIP ENG NITROUS TANK QUANTITY:index,Gallons,Y,,,
RECIP ENG NITROUS TANK MAX QUANTITY:index,Gallons,N,,,
PAYLOAD STATION OBJECT:index,String,Y- set only,,,
PAYLOAD STATION NUM SIMOBJECTS:index,Number,N,,,
SLING OBJECT ATTACHED:index,Bool/String,N,,,
SLING CABLE BROKEN:index,Bool,N,,,
SLING CABLE EXTENDED LENGTH:index,Feet,Y,,,
SLING ACTIVE PAYLOAD STATION:index,Number,Y,,,
SLING HOIST PERCENT DEPLOYED:index,Percent over 100,N,,,
SLING HOOK IN PICKUP MODE:index,Bool,N,,,
IS ATTACHED TO SLING,Bool,N,,,
ALTERNATE STATIC SOURCE OPEN,Bool,N,,,
AILERON TRIM PCT,SIMCONNECT_DATA_XYZ,Y,,,
LIGHT ON STATES,Mask,N,,,
LIGHT STATES,Mask,N,,,
LANDING LIGHT PBH,SIMCONNECT_DATA_XYZ,N,,,
LIGHT TAXI ON,Bool,N,,,
LIGHT STROBE ON,Bool,N,,,
LIGHT PANEL ON,Bool,N,,,
LIGHT RECOGNITION ON,Bool,N,,,
LIGHT WING ON,Bool,N,,,
LIGHT LOGO ON,Bool,N,,,
LIGHT CABIN ON,Bool,N,,,
LIGHT HEAD ON,Bool,N,,,
LIGHT BRAKE ON,Bool,N,,,
LIGHT NAV ON,Bool,N,,,
LIGHT BEACON ON,Bool,N,,,
LIGHT LANDING ON,Bool,N,,,
AI DESIRED SPEED,Knots,Y,,,
AI WAYPOINT LIST,SIMCONNECT_DATA_WAYPOINT,Y,,,
AI CURRENT WAYPOINT,Number,Y,,,
AI DESIRED HEADING,Degrees,Y,,,
AI GROUNDTURNTIME,Seconds,Y,,,
AI GROUNDCRUISESPEED,Knots,Y,,,
AI GROUNDTURNSPEED,Knots,Y,,,
AI TRAFFIC ISIFR,Boolean,N,,,
AI TRAFFIC STATE,String,N,,,
AI TRAFFIC CURRENT AIRPORT,String,N,,,
AI TRAFFIC ASSIGNED RUNWAY,String,N,,,
AI TRAFFIC ASSIGNED PARKING,String,N,,,
AI TRAFFIC FROMAIRPORT,String,N,,,
AI TRAFFIC TOAIRPORT,String,N,,,
AI TRAFFIC ETD,Seconds,N,,,
AI TRAFFIC ETA,Seconds,N,,,
DROPPABLE OBJECTS TYPE:index,String,Y,,,
DROPPABLE OBJECTS COUNT:index,Number,N,,,
WING FLEX PCT:index,Percent over 100,Y,,,
APPLY HEAT TO SYSTEMS,Bool,Y,,,
ADF LATLONALT:index,SIMCONNECT_DATA_LATLONALT,N,,,
NAV VOR LATLONALT:index,SIMCONNECT_DATA_LATLONALT,N,,,
NAV GS LATLONALT:index,SIMCONNECT_DATA_LATLONALT,N,,,
NAV DME LATLONALT:index,SIMCONNECT_DATA_LATLONALT,N,,,
INNER MARKER LATLONALT,SIMCONNECT_DATA_LATLONALT,N,,,
MIDDLE MARKER LATLONALT,SIMCONNECT_DATA_LATLONALT,N,,,
OUTER MARKER LATLONALT,SIMCONNECT_DATA_LATLONALT,N,,,
STRUCT LATLONALT,SIMCONNECT_DATA_LATLONALT,N,,,
STRUCT LATLONALTPBH,SIMCONNECT_DATA_LATLONALT,N,,,
STRUCT SURFACE RELATIVE VELOCITY,SIMCONNECT_DATA_XYZ,N,,,
STRUCT WORLDVELOCITY,SIMCONNECT_DATA_XYZ,N,,,
STRUCT WORLD ROTATION VELOCITY,SIMCONNECT_DATA_XYZ,N,,,
STRUCT BODY VELOCITY,SIMCONNECT_DATA_XYZ,N,,,
STRUCT BODY ROTATION VELOCITY,SIMCONNECT_DATA_XYZ,N,,,
STRUCT WORLD ACCELERATION,SIMCONNECT_DATA_XYZ,N,,,
STRUCT ENGINE POSITION:index,SIMCONNECT_DATA_XYZ,N,,,
STRUCT EYEPOINT DYNAMIC ANGLE,SIMCONNECT_DATA_XYZ,N,,,
STRUCT EYEPOINT DYNAMIC OFFSET,SIMCONNECT_DATA_XYZ,N,,,
EYEPOINT POSITION,SIMCONNECT_DATA_XYZ,N,,,
FLY BY WIRE ELAC SWITCH,Bool,N,,,
FLY BY WIRE FAC SWITCH,Bool,N,,,
FLY BY WIRE SEC SWITCH,Bool,N,,,
FLY BY WIRE ELAC FAILED,Bool,N,,,
FLY BY WIRE FAC FAILED,Bool,N,,,
FLY BY WIRE SEC FAILED,Bool,N,,,
NUMBER OF ENGINES,Number,N,,,
ENGINE CONTROL SELECT,Mask,Y,,,
THROTTLE LOWER LIMIT,Percent,N,,,
ENGINE TYPE,Enum,N,,,
MASTER IGNITION SWITCH,Bool,N,,,
GENERAL ENG COMBUSTION:index,Bool,Y,,,
GENERAL ENG MASTER ALTERNATOR:index,Bool,N,,,
GENERAL ENG FUEL PUMP SWITCH:index,Bool,N,,,
GENERAL ENG FUEL PUMP ON:index,Bool,N,,,
GENERAL ENG RPM:index,Rpm,N,,,
GENERAL ENG PCT MAX RPM:index,Percent,N,,,
GENERAL ENG MAX REACHED RPM:index,Rpm,N,,,
GENERAL ENG THROTTLE LEVER POSITION:index,Percent,Y,,,
GENERAL ENG MIXTURE LEVER POSITION:index,Percent,Y,,,
GENERAL ENG PROPELLER LEVER POSITION:index,Percent,Y,,,
GENERAL ENG STARTER:index,Bool,N,,,
GENERAL ENG EXHAUST GAS TEMPERATURE:index,Rankine,Y,,,
GENERAL ENG OIL PRESSURE:index,Psi,Y,,,
GENERAL ENG OIL LEAKED PERCENT:index,Percent,N,,,
GENERAL ENG COMBUSTION SOUND PERCENT:index,Percent,N,,,
GENERAL ENG DAMAGE PERCENT:index,Percent,N,,,
GENERAL ENG OIL TEMPERATURE:index,Rankine,Y,,,
GENERAL ENG FAILED:index,Bool,N,,,
GENERAL ENG GENERATOR SWITCH:index,Bool,,,,
GENERAL ENG GENERATOR ACTIVE:index,Bool,Y,,,
GENERAL ENG ANTI ICE POSITION:index,Bool,N,,,
GENERAL ENG FUEL VALVE:index,Bool,N,,,
GENERAL ENG FUEL PRESSURE:index,Psi,Y,,,
GENERAL ENG ELAPSED TIME:index,Hours,N,,,
RECIP ENG COWL FLAP POSITION:index,Percent,Y,,,
RECIP ENG PRIMER:index,Bool,Y,,,
RECIP ENG MANIFOLD PRESSURE:index,Psi,Y,,,
RECIP ENG ALTERNATE AIR POSITION:index,Position,Y,,,
RECIP ENG COOLANT RESERVOIR PERCENT:index,Percent,Y,,,
RECIP ENG LEFT MAGNETO:index,Bool,Y,,,
RECIP ENG RIGHT MAGNETO:index,Bool,Y,,,
RECIP ENG BRAKE POWER:index,ft lb per second,Y,,,
RECIP ENG STARTER TORQUE:index,Foot pound,Y,,,
RECIP ENG TURBOCHARGER FAILED:index,Bool,Y,,,
RECIP ENG EMERGENCY BOOST ACTIVE:index,Bool,Y,,,
RECIP ENG EMERGENCY BOOST ELAPSED TIME:index,Hours,Y,,,
RECIP ENG WASTEGATE POSITION:index,Percent,Y,,,
RECIP ENG TURBINE INLET TEMPERATURE:index,Celsius,Y,,,
RECIP ENG CYLINDER HEAD TEMPERATURE:index,Celsius,Y,,,
RECIP ENG RADIATOR TEMPERATURE:index,Celsius,Y,,,
RECIP ENG FUEL AVAILABLE:index,Bool,Y,,,
RECIP ENG FUEL FLOW:index,Pounds per hour,Y,,,
RECIP ENG FUEL TANK SELECTOR:index,Enum,N,,,
RECIP ENG FUEL TANKS USED:index,Mask,Y,,,
RECIP ENG FUEL NUMBER TANKS USED:index,Number,N,,,
RECIP CARBURETOR TEMPERATURE:index,Celsius,Y,,,
RECIP MIXTURE RATIO:index,Ratio,Y,,,
TURB ENG N1:index,Percent,Y,,,
TURB ENG N2:index,Percent,Y,,,
TURB ENG CORRECTED N1:index,Percent,Y,,,
TURB ENG CORRECTED N2:index,Percent,Y,,,
TURB ENG CORRECTED FF:index,Pounds per hour,Y,,,
TURB ENG MAX TORQUE PERCENT:index,Percent,Y,,,
TURB ENG PRESSURE RATIO:index,Ratio,Y,,,
TURB ENG ITT:index,Rankine,Y,,,
TURB ENG AFTERBURNER:index,Bool,N,,,
TURB ENG JET THRUST:index,Pounds,N,,,
TURB ENG BLEED AIR:index,Psi,N,,,
TURB ENG TANK SELECTOR:index,Enum,N,,,
TURB ENG TANKS USED:index,Mask,N,,,
TURB ENG NUM TANKS USED:index,Number,N,,,
TURB ENG FUEL FLOW PPH:index,Pounds per hour,N,,,
TURB ENG FUEL AVAILABLE:index,Bool,N,,,
TURB ENG REVERSE NOZZLE PERCENT:index,Percent,N,,,
TURB ENG VIBRATION:index,Number,N,,,
ENG FAILED:index,Number,N,,,
ENG RPM ANIMATION PERCENT:index,Percent,N,,,
ENG ON FIRE:index,Bool,Y,,,
ENG FUEL FLOW BUG POSITION:index,Pounds per hour,N,,,
PROP RPM:index,Rpm,Y,,,
PROP MAX RPM PERCENT:index,Percent,N,,,
PROP THRUST:index,Pounds,N,,,
PROP BETA:index,Radians,N,,,
PROP FEATHERING INHIBIT:index,Bool,N,,,
PROP FEATHERED:index,Bool,N,,,
PROP SYNC DELTA LEVER:index,Position,N,,,
PROP AUTO FEATHER ARMED:index,Bool,N,,,
PROP FEATHER SWITCH:index,Bool,N,,,
PANEL AUTO FEATHER SWITCH:index,Bool,N,,,
PROP SYNC ACTIVE:index,Bool,N,,,
PROP DEICE SWITCH:index,Bool,N,,,
ENG COMBUSTION,Bool,N,,,
ENG N1 RPM:index,Rpm,N,,,
ENG N2 RPM:index,Rpm,N,,,
ENG FUEL FLOW GPH:index,,N,,,
ENG FUEL FLOW PPH:index,Pounds per hour,N,,,
ENG TORQUE:index,Foot pounds,N,,,
ENG ANTI ICE:index,Bool,N,,,
ENG PRESSURE RATIO:index,Ratio (0-16384),N,,,
ENG EXHAUST GAS TEMPERATURE:index,Rankine,N,,,
ENG EXHAUST GAS TEMPERATURE GES:index,Percent over 100,N,,,
ENG CYLINDER HEAD TEMPERATURE:index,Rankine,N,,,
ENG OIL TEMPERATURE:index,Rankine,N,,,
ENG OIL PRESSURE:index,pound-force per square inch,N,,,
ENG OIL QUANTITY:index,Percent over 100,N,,,
ENG HYDRAULIC PRESSURE:index,pound-force per square inch,N,,,
ENG HYDRAULIC QUANTITY:index,Percent over 100,N,,,
ENG MANIFOLD PRESSURE:index,inHg,N,,,
ENG VIBRATION:index,Number,N,,,
ENG RPM SCALER:index,Number,N,,,
ENG TURBINE TEMPERATURE:index,Celsius,N,,,
ENG TORQUE PERCENT:index,Percent,N,,,
ENG FUEL PRESSURE:index,PSI,N,,,
ENG ELECTRICAL LOAD:index,Percent,N,,,
ENG TRANSMISSION PRESSURE:index,PSI,N,,,
ENG TRANSMISSION TEMPERATURE:index,Celsius,N,,,
ENG ROTOR RPM:index,Percent,N,,,
ENG MAX RPM,Rpm,N,,,
GENERAL ENG STARTER ACTIVE,Bool,N,,,
GENERAL ENG FUEL USED SINCE START,Pounds,N,,,
TURB ENG N1:index,Percentage,N,,,
TURB ENG N2:index,Percentage,N,,,
TURB ENG CORRECTED N1:index,Percentage,N,,,
TURB ENG CORRECTED N2:index,Percentage,N,,,
TURB ENG PRIMARY NOZZLE PERCENT:index,Percent over 100,N,,,
TURB ENG IGNITION SWITCH,Bool,N,,,
TURB ENG MASTER STARTER SWITCH,Bool,N,,,
,Description,,,,
,Off,,,,
,All,,,,
,Left,,,,
,Right,,,,
,Left auxiliary,,,,
,Right auxiliary,,,,
,Center,,,,
,Center2,,,,
,Center3,,,,
,External1,,,,
,External2,,,,
,Right tip,,,,
,Left tip,,,,
,Crossfeed,,,,
,Crossfeed left to right,,,,
,Crossfeed right to left,,,,
,Both,,,,
,External,,,,
,Isolate,,,,
,Left main,,,,
,Right main,,,,
FUEL TANK CENTER LEVEL,Percent Over 100,Y,,,
FUEL TANK CENTER2 LEVEL,Percent Over 100,Y,,,
FUEL TANK CENTER3 LEVEL,Percent Over 100,Y,,,
FUEL TANK LEFT MAIN LEVEL,Percent Over 100,Y,,,
FUEL TANK LEFT AUX LEVEL,Percent Over 100,Y,,,
FUEL TANK LEFT TIP LEVEL,Percent Over 100,Y,,,
FUEL TANK RIGHT MAIN LEVEL,Percent Over 100,Y,,,
FUEL TANK RIGHT AUX LEVEL,Percent Over 100,Y,,,
FUEL TANK RIGHT TIP LEVEL,Percent Over 100,Y,,,
FUEL TANK EXTERNAL1 LEVEL,Percent Over 100,Y,,,
FUEL TANK EXTERNAL2 LEVEL,Percent Over 100,Y,,,
FUEL TANK CENTER CAPACITY,Gallons,N,,,
FUEL TANK CENTER2 CAPACITY,Gallons,N,,,
FUEL TANK CENTER3 CAPACITY,Gallons,N,,,
FUEL TANK LEFT MAIN CAPACITY,Gallons,N,,,
FUEL TANK LEFT AUX CAPACITY,Gallons,N,,,
FUEL TANK LEFT TIP CAPACITY,Gallons,N,,,
FUEL TANK RIGHT MAIN CAPACITY,Gallons,N,,,
FUEL TANK RIGHT AUX CAPACITY,Gallons,N,,,
FUEL TANK RIGHT TIP CAPACITY,Gallons,N,,,
FUEL TANK EXTERNAL1 CAPACITY,Gallons,N,,,
FUEL TANK EXTERNAL2 CAPACITY,Gallons,N,,,
FUEL LEFT CAPACITY,Gallons,N,,,
FUEL RIGHT CAPACITY,Gallons,N,,,
FUEL TANK CENTER QUANTITY,Gallons,Y,,,
FUEL TANK CENTER2 QUANTITY,Gallons,Y,,,
FUEL TANK CENTER3 QUANTITY,Gallons,Y,,,
FUEL TANK LEFT MAIN QUANTITY,Gallons,Y,,,
FUEL TANK LEFT AUX QUANTITY,Gallons,Y,,,
FUEL TANK LEFT TIP QUANTITY,Gallons,Y,,,
FUEL TANK RIGHT MAIN QUANTITY,Gallons,Y,,,
FUEL TANK RIGHT AUX QUANTITY,Gallons,Y,,,
FUEL TANK RIGHT TIP QUANTITY,Gallons,Y,,,
FUEL TANK EXTERNAL1 QUANTITY,Gallons,Y,,,
FUEL TANK EXTERNAL2 QUANTITY,Gallons,Y,,,
FUEL LEFT QUANTITY,Gallons,N,,,
FUEL RIGHT QUANTITY,Gallons,N,,,
FUEL TOTAL QUANTITY,Gallons,N,,,
FUEL WEIGHT PER GALLON,Pounds,N,,,
FUEL TANK SELECTOR:index,Enum,N,,,
FUEL CROSS FEED,Enum,N,,,
FUEL TOTAL CAPACITY,Gallons,N,,,
FUEL SELECTED QUANTITY PERCENT,Percent Over 100,N,,,
FUEL SELECTED QUANTITY,Gallons,N,,,
FUEL TOTAL QUANTITY WEIGHT,Pounds,N,,,
NUM FUEL SELECTORS,Number,N,,,
UNLIMITED FUEL,Bool,N,,,
ESTIMATED FUEL FLOW,Pounds per hour,N,,,
LIGHT STROBE,Bool,N,,,
LIGHT PANEL,Bool,N,,,
LIGHT LANDING,Bool,N,,,
LIGHT TAXI,Bool,N,,,
LIGHT BEACON,Bool,N,,,
LIGHT NAV,Bool,N,,,
LIGHT LOGO,Bool,N,,,
LIGHT WING,Bool,N,,,
LIGHT RECOGNITION,Bool,N,,,
LIGHT CABIN,Bool,N,,,
GROUND VELOCITY,Knots,N,,,
TOTAL WORLD VELOCITY,Feet per second,N,,,
VELOCITY BODY Z,Feet per second,Y,,,
VELOCITY BODY X,Feet per second,Y,,,
VELOCITY BODY Y,Feet per second,Y,,,
VELOCITY WORLD Z,Feet per second,Y,,,
VELOCITY WORLD X,Feet per second,Y,,,
VELOCITY WORLD Y,Feet per second,Y,,,
ACCELERATION WORLD X,Feet per second squared,Y,,,
ACCELERATION WORLD Y,Feet per second squared,Y,,,
ACCELERATION WORLD Z,Feet per second squared,Y,,,
ACCELERATION BODY X,Feet per second squared,Y,,,
ACCELERATION BODY Y,Feet per second squared,Y,,,
ACCELERATION BODY Z,Feet per second squared,Y,,,
ROTATION VELOCITY BODY X,Feet per second,Y,,,
ROTATION VELOCITY BODY Y,Feet per second,Y,,,
ROTATION VELOCITY BODY Z,Feet per second,Y,,,
RELATIVE WIND VELOCITY BODY X,Feet per second,N,,,
RELATIVE WIND VELOCITY BODY Y,Feet per second,N,,,
RELATIVE WIND VELOCITY BODY Z,Feet per second,N,,,
PLANE ALT ABOVE GROUND,Feet,Y,,,
PLANE LATITUDE,Radians,Y,,,
PLANE LONGITUDE,Radians,Y,,,
PLANE ALTITUDE,Feet,Y,,,
PLANE PITCH DEGREES,Radians,Y,,,
PLANE BANK DEGREES,Radians,Y,,,
PLANE HEADING DEGREES TRUE,Radians,Y,,,
PLANE HEADING DEGREES MAGNETIC,Radians,Y,,,
MAGVAR,Degrees,N,,,
GROUND ALTITUDE,Meters,N,,,
SURFACE TYPE,Enum,N,,,
SIM ON GROUND,Bool,N,,,
INCIDENCE ALPHA,Radians,N,,,
INCIDENCE BETA,Radians,N,,,
AIRSPEED TRUE,Knots,Y,,,
AIRSPEED INDICATED,Knots,Y,,,
AIRSPEED TRUE CALIBRATE,Degrees,Y,,,
AIRSPEED BARBER POLE,Knots,N,,,
AIRSPEED MACH,Mach,N,,,
VERTICAL SPEED,Feet per second,Y,,,
MACH MAX OPERATE,Mach,N,,,
STALL WARNING,Bool,N,,,
OVERSPEED WARNING,Bool,N,,,
BARBER POLE MACH,Mach,N,,,
INDICATED ALTITUDE,Feet,Y,,,
KOHLSMAN SETTING MB,Millibars,Y,,,
KOHLSMAN SETTING HG,inHg,N,,,
ATTITUDE INDICATOR PITCH DEGREES,Radians,N,,,
ATTITUDE INDICATOR BANK DEGREES,Radians,N,,,
ATTITUDE BARS POSITION,Percent Over 100,N,,,
ATTITUDE CAGE,Bool,N,,,
WISKEY COMPASS INDICATION DEGREES,Degrees,Y,,,
PLANE HEADING DEGREES GYRO,Radians,Y,,,
HEADING INDICATOR,Radians,N,,,
GYRO DRIFT ERROR,Radians,N,,,
DELTA HEADING RATE,Radians per second,Y,,,
TURN COORDINATOR BALL,Position,N,,,
ANGLE OF ATTACK INDICATOR,Radians,N,,,
RADIO HEIGHT,Feet,N,,,
PARTIAL PANEL ADF,Enum,Y,,,
PARTIAL PANEL AIRSPEED,Enum,Y,,,
PARTIAL PANEL ALTIMETER,Enum,Y,,,
PARTIAL PANEL ATTITUDE,Enum,Y,,,
PARTIAL PANEL COMM,Enum,Y,,,
PARTIAL PANEL COMPASS,Enum,Y,,,
PARTIAL PANEL ELECTRICAL,Enum,Y,,,
PARTIAL PANEL AVIONICS,Enum,N,,,
PARTIAL PANEL ENGINE,Enum,Y,,,
PARTIAL PANEL FUEL INDICATOR,Enum,N,,,
PARTIAL PANEL HEADING,Enum,Y,,,
PARTIAL PANEL VERTICAL VELOCITY,Enum,Y,,,
PARTIAL PANEL TRANSPONDER,Enum,Y,,,
PARTIAL PANEL NAV,Enum,Y,,,
PARTIAL PANEL PITOT,Enum,Y,,,
PARTIAL PANEL TURN COORDINATOR,Enum,N,,,
PARTIAL PANEL VACUUM,Enum,Y,,,
MAX G FORCE,Gforce,N,,,
MIN G FORCE,Gforce,N,,,
SUCTION PRESSURE,inHg,Y,,,
AVIONICS MASTER SWITCH,Bool,N,,,
NAV SOUND:index,Bool,N,,,
DME SOUND,Bool,N,,,
ADF SOUND:index,Bool,N,,,
MARKER SOUND,Bool,N,,,
COM TRANSMIT:index,Bool,N,,,
COM RECIEVE ALL,Bool,N,,,
COM ACTIVE FREQUENCY:index,Frequency BCD16,N,,,
COM STANDBY FREQUENCY:index,Frequency BCD16,N,,,
COM STATUS:index,Enum,N,,,
NAV AVAILABLE:index,Bool,N,,,
NAV ACTIVE FREQUENCY:index,MHz,N,,,
NAV STANDBY FREQUENCY:index,MHz,N,,,
NAV SIGNAL:index,Number,N,,,
NAV HAS NAV:index,Bool,N,,,
NAV HAS LOCALIZER:index,Bool,N,,,
NAV HAS DME:index,Bool,N,,,
NAV HAS GLIDE SLOPE:index,Bool,N,,,
NAV BACK COURSE FLAGS:index,Bool,N,,,
NAV MAGVAR:index,Degrees,N,,,
NAV RADIAL:index,Degrees,N,,,
NAV RADIAL ERROR:index,Degrees,N,,,
NAV LOCALIZER:index,Degrees,N,,,
NAV GLIDE SLOPE ERROR:index,Degrees,N,,,
NAV CDI:index,Number,N,,,
NAV GSI:index,Number,N,,,
NAV TOFROM:index,Enum,N,,,
NAV GS FLAG:index,Bool,N,,,
NAV OBS:index,Degrees,N,,,
NAV DME:index,Nautical miles,N,,,
NAV DMESPEED:index,Knots,N,,,
ADF ACTIVE FREQUENCY:index,Frequency ADF BCD32,N,,,
ADF STANDBY FREQUENCY:index,Hz,N,,,
ADF RADIAL:index,Degrees,N,,,
ADF SIGNAL:index,Number,N,,,
TRANSPONDER CODE:index,BCO16,N,,,
MARKER BEACON STATE,Enum,Y,,,
INNER MARKER,Bool,Y,,,
MIDDLE MARKER,Bool,Y,,,
OUTER MARKER,Bool,Y,,,
NAV RAW GLIDE SLOPE:index,Degrees,N,,,
ADF CARD,Degrees,N,,,
HSI CDI NEEDLE,Number,N,,,
HSI GSI NEEDLE,Number,N,,,
HSI CDI NEEDLE VALID,Bool,N,,,
HSI GSI NEEDLE VALID,Bool,N,,,
HSI TF FLAGS,Enum,N,,,
HSI BEARING VALID,Bool,N,,,
HSI BEARING,Degrees,N,,,
HSI HAS LOCALIZER,Bool,N,,,
HSI SPEED,Knots,N,,,
HSI DISTANCE,Nautical miles,N,,,
GPS POSITION LAT,Degrees,N,,,
GPS POSITION LON,Degrees,N,,,
GPS POSITION ALT,Meters,N,,,
GPS MAGVAR,Radians,N,,,
GPS IS ACTIVE FLIGHT PLAN,Bool,N,,,
GPS IS ACTIVE WAY POINT,Bool,N,,,
GPS IS ARRIVED,Bool,N,,,
GPS IS DIRECTTO FLIGHTPLAN,Bool,N,,,
GPS GROUND SPEED,Meters per second,N,,,
GPS GROUND TRUE HEADING,Radians,N,,,
GPS GROUND MAGNETIC TRACK,Radians,N,,,
GPS GROUND TRUE TRACK,Radians,N,,,
GPS WP DISTANCE,Meters,N,,,
GPS WP BEARING,Radians,N,,,
GPS WP TRUE BEARING,Radians,N,,,
GPS WP CROSS TRK,Meters,N,,,
GPS WP DESIRED TRACK,Radians,N,,,
GPS WP TRUE REQ HDG,Radians,N,,,
GPS WP VERTICAL SPEED,Meters per second,N,,,
GPS WP TRACK ANGLE ERROR,Radians,N,,,
GPS ETE,Seconds,N,,,
GPS ETA,Seconds,N,,,
GPS WP NEXT LAT,Degrees,N,,,
GPS WP NEXT LON,Degrees,N,,,
GPS WP NEXT ALT,Meters,N,,,
GPS WP PREV VALID,Bool,N,,,
GPS WP PREV LAT,Degrees,N,,,
GPS WP PREV LON,Degrees,N,,,
GPS WP PREV ALT,Meters,N,,,
GPS WP ETE,Seconds,N,,,
GPS WP ETA,Seconds,N,,,
GPS COURSE TO STEER,Radians,N,,,
GPS FLIGHT PLAN WP INDEX,Number,N,,,
GPS FLIGHT PLAN WP COUNT,Number,N,,,
GPS IS ACTIVE WP LOCKED,Bool,N,,,
GPS IS APPROACH LOADED,Bool,N,,,
GPS IS APPROACH ACTIVE,Bool,N,,,
GPS APPROACH MODE,Enum,N,,,
GPS APPROACH WP TYPE,Enum,N,,,
GPS APPROACH IS WP RUNWAY,Bool,N,,,
GPS APPROACH SEGMENT TYPE,Enum,N,,,
GPS APPROACH APPROACH INDEX,Number,N,,,
GPS APPROACH APPROACH TYPE,Enum,N,,,
GPS APPROACH TRANSITION INDEX,Number,N,,,
GPS APPROACH IS FINAL,Bool,N,,,
GPS APPROACH IS MISSED,Bool,N,,,
GPS APPROACH TIMEZONE DEVIATION,Seconds,N,,,
GPS APPROACH WP INDEX,Number,N,,,
GPS APPROACH WP COUNT,Number,N,,,
GPS DRIVES NAV1,Bool,N,,,
COM RECEIVE ALL,Bool,N,,,
COM AVAILABLE,Bool,N,,,
COM TEST:index,Bool,N,,,
TRANSPONDER AVAILABLE,Bool,N,,,
ADF AVAILABLE,Bool,N,,,
ADF FREQUENCY:index,Frequency BCD16,N,,,
ADF EXT FREQUENCY:index,Frequency BCD16,N,,,
ADF IDENT,String,N,,,
ADF NAME,String,N,,,
NAV IDENT,String,N,,,
NAV NAME,String,N,,,
NAV CODES:index,Flags,N,,,
NAV GLIDE SLOPE,Number,N,,,
NAV RELATIVE BEARING TO STATION:index,Degrees,N,,,
SELECTED DME,Number,N,,,
GPS WP NEXT ID,String,N,,,
GPS WP PREV ID,String,N,,,
GPS TARGET DISTANCE,Meters,N,,,
GPS TARGET ALTITUDE,Meters,N,,,
YOKE Y POSITION,Position,Y,,,
YOKE X POSITION,Position,Y,,,
RUDDER PEDAL POSITION,Position,Y,,,
RUDDER POSITION,Position,Y,,,
ELEVATOR POSITION,Position,Y,,,
AILERON POSITION,Position,Y,,,
ELEVATOR TRIM POSITION,Radians,Y,,,
ELEVATOR TRIM INDICATOR,Position,N,,,
ELEVATOR TRIM PCT,Percent Over 100,N,,,
BRAKE LEFT POSITION,Position,Y,,,
BRAKE RIGHT POSITION,Position,Y,,,
BRAKE INDICATOR,Position,N,,,
BRAKE PARKING POSITION,Position,Y,,,
BRAKE PARKING INDICATOR,Bool,N,,,
SPOILERS ARMED,Bool,N,,,
SPOILERS HANDLE POSITION,Percent Over 100,Y,,,
SPOILERS LEFT POSITION,Percent Over 100,N,,,
SPOILERS RIGHT POSITION,Percent Over 100,N,,,
FLAPS HANDLE PERCENT,Percent Over 100,N,,,
FLAPS HANDLE INDEX,Number,Y,,,
FLAPS NUM HANDLE POSITIONS,Number,N,,,
TRAILING EDGE FLAPS LEFT PERCENT,Percent Over 100,Y,,,
TRAILING EDGE FLAPS RIGHT PERCENT,Percent Over 100,Y,,,
TRAILING EDGE FLAPS LEFT ANGLE,Radians,N,,,
TRAILING EDGE FLAPS RIGHT ANGLE,Radians,N,,,
LEADING EDGE FLAPS LEFT PERCENT,Percent Over 100,Y,,,
LEADING EDGE FLAPS RIGHT PERCENT,Percent Over 100,Y,,,
LEADING EDGE FLAPS LEFT ANGLE,Radians,N,,,
LEADING EDGE FLAPS RIGHT ANGLE,Radians,N,,,
IS GEAR RETRACTABLE,Bool,N,,,
IS GEAR SKIS,Bool,N,,,
IS GEAR FLOATS,Bool,N,,,
IS GEAR SKIDS,Bool,N,,,
IS GEAR WHEELS,Bool,N,,,
GEAR HANDLE POSITION,Bool,Y,,,
GEAR HYDRAULIC PRESSURE,psf,N,,,
TAILWHEEL LOCK ON,Bool,N,,,
GEAR CENTER POSITION,Percent Over 100,Y,,,
GEAR LEFT POSITION,Percent Over 100,Y,,,
GEAR RIGHT POSITION,Percent Over 100,Y,,,
GEAR TAIL POSITION,Percent Over 100,N,,,
GEAR AUX POSITION,Percent Over 100,N,,,
GEAR POSITION:index,Enum,Y,,,
GEAR ANIMATION POSITION:index,Number,N,,,
GEAR TOTAL PCT EXTENDED,Percentage,N,,,
AUTO BRAKE SWITCH CB,Number,N,,,
WATER RUDDER HANDLE POSITION,Percent Over 100,Y,,,
ELEVATOR DEFLECTION,Radians,N,,,
ELEVATOR DEFLECTION PCT,Percent Over 100,N,,,
WATER LEFT RUDDER EXTENDED,Percentage,N,,,
WATER RIGHT RUDDER EXTENDED,Percentage,N,,,
GEAR CENTER STEER ANGLE,Percent Over 100,N,,,
GEAR LEFT STEER ANGLE,Percent Over 100,N,,,
GEAR RIGHT STEER ANGLE,Percent Over 100,N,,,
GEAR AUX STEER ANGLE,Percent Over 100,N,,,
GEAR STEER ANGLE:index,Percent Over 100,N,,,
WATER LEFT RUDDER STEER ANGLE,Percent Over 100,N,,,
WATER RIGHT RUDDER STEER ANGLE,Percent Over 100,N,,,
GEAR CENTER STEER ANGLE PCT,Percent Over 100,N,,,
GEAR LEFT STEER ANGLE PCT,Percent Over 100,N,,,
GEAR RIGHT STEER ANGLE PCT,Percent Over 100,N,,,
GEAR AUX STEER ANGLE PCT,Percent Over 100,N,,,
GEAR STEER ANGLE PCT:index,Percent Over 100,N,,,
WATER LEFT RUDDER STEER ANGLE PCT,Percent Over 100,N,,,
WATER RIGHT RUDDER STEER ANGLE PCT,Percent Over 100,N,,,
AILERON LEFT DEFLECTION,Radians,N,,,
AILERON LEFT DEFLECTION PCT,Percent Over 100,N,,,
AILERON RIGHT DEFLECTION,Radians,N,,,
AILERON RIGHT DEFLECTION PCT,Percent Over 100,N,,,
AILERON AVERAGE DEFLECTION,Radians,N,,,
AILERON TRIM,Radians,N,,,
AILERON TRIM PCT,Percent Over 100,Y,,,
RUDDER DEFLECTION,Radians,N,,,
RUDDER DEFLECTION PCT,Percent Over 100,N,,,
RUDDER TRIM,Radians,N,,,
RUDDER TRIM PCT,Percent Over 100,Y,,,
FLAPS AVAILABLE,Bool,N,,,
GEAR DAMAGE BY SPEED,Bool,N,,,
GEAR SPEED EXCEEDED,Bool,N,,,
FLAP DAMAGE BY SPEED,Bool,N,,,
FLAP SPEED EXCEEDED,Bool,N,,,
CENTER WHEEL RPM,Rpm,N,,,
LEFT WHEEL RPM,Rpm,N,,,
RIGHT WHEEL RPM,Rpm,N,,,
AUTOPILOT AVAILABLE,Bool,N,,,
AUTOPILOT MASTER,Bool,N,,,
AUTOPILOT NAV SELECTED,Number,N,,,
AUTOPILOT WING LEVELER,Bool,N,,,
AUTOPILOT NAV1 LOCK,Bool,N,,,
AUTOPILOT HEADING LOCK,Bool,N,,,
AUTOPILOT HEADING LOCK DIR,Degrees,N,,,
AUTOPILOT ALTITUDE LOCK,Bool,N,,,
AUTOPILOT ALTITUDE LOCK VAR,Feet,N,,,
AUTOPILOT ATTITUDE HOLD,Bool,N,,,
AUTOPILOT GLIDESLOPE HOLD,Bool,N,,,
AUTOPILOT PITCH HOLD REF,Radians,N,,,
AUTOPILOT APPROACH HOLD,Bool,N,,,
AUTOPILOT BACKCOURSE HOLD,Bool,N,,,
AUTOPILOT VERTICAL HOLD VAR,Feet/minute,N,,,
AUTOPILOT FLIGHT DIRECTOR ACTIVE,Bool,N,,,
AUTOPILOT FLIGHT DIRECTOR PITCH,Radians,N,,,
AUTOPILOT FLIGHT DIRECTOR BANK,Radians,N,,,
AUTOPILOT AIRSPEED HOLD,Bool,N,,,
AUTOPILOT AIRSPEED HOLD VAR,Knots,N,,,
AUTOPILOT MACH HOLD,Bool,N,,,
AUTOPILOT MACH HOLD VAR,Number,N,,,
AUTOPILOT YAW DAMPER,Bool,N,,,
AUTOPILOT RPM HOLD VAR,Number,N,,,
AUTOPILOT THROTTLE ARM,Bool,N,,,
AUTOPILOT TAKEOFF POWER ACTIVE,Bool,N,,,
AUTOTHROTTLE ACTIVE,Bool,N,,,
AUTOPILOT VERTICAL HOLD,Bool,N,,,
AUTOPILOT RPM HOLD,Bool,N,,,
AUTOPILOT MAX BANK,Radians,N,,,
WHEEL RPM,Rpm,N,,,
AUX WHEEL RPM,Rpm,N,,,
WHEEL ROTATION ANGLE,Radians,N,,,
CENTER WHEEL ROTATION ANGLE,Radians,N,,,
LEFT WHEEL ROTATION ANGLE,Radians,N,,,
RIGHT WHEEL ROTATION ANGLE,Radians,N,,,
AUX WHEEL ROTATION ANGLE,Radians,N,,,
GEAR EMERGENCY HANDLE POSITION,Bool,N,,,
GEAR WARNING,Enum,N,,,
ANTISKID BRAKES ACTIVE,Bool,N,,,
RETRACT FLOAT SWITCH,Bool,N,,,
RETRACT LEFT FLOAT EXTENDED,Percent,N,,,
RETRACT RIGHT FLOAT EXTENDED,Percent,N,,,
STEER INPUT CONTROL,Percent over 100,N,,,
AMBIENT DENSITY,Slugs per cubic feet,N,,,
AMBIENT TEMPERATURE,Celsius,N,,,
AMBIENT PRESSURE,inHg,N,,,
AMBIENT WIND VELOCITY,Knots,N,,,
AMBIENT WIND DIRECTION,Degrees,N,,,
AMBIENT WIND X,Meters per second,N,,,
AMBIENT WIND Y,Meters per second,N,,,
AMBIENT WIND Z,Meters per second,N,,,
AMBIENT PRECIP STATE,Mask,N,,,
AIRCRAFT WIND X,Knots,N,,,
AIRCRAFT WIND Y,Knots,N,,,
AIRCRAFT WIND Z,Knots,N,,,
BAROMETER PRESSURE,Millibars,N,,,
SEA LEVEL PRESSURE,Millibars,N,,,
TOTAL AIR TEMPERATURE,Celsius,N,,,
WINDSHIELD RAIN EFFECT AVAILABLE,Bool,N,,,
AMBIENT IN CLOUD,Bool,N,,,
AMBIENT VISIBILITY,Meters,N,,,
STANDARD ATM TEMPERATURE,Rankine,N,,,
ROTOR BRAKE HANDLE POS,Percent Over 100,N,,,
ROTOR BRAKE ACTIVE,Bool,N,,,
ROTOR CLUTCH SWITCH POS,Bool,N,,,
ROTOR CLUTCH ACTIVE,Bool,N,,,
ROTOR TEMPERATURE,Rankine,N,,,
ROTOR CHIP DETECTED,Bool,N,,,
ROTOR GOV SWITCH POS,Bool,N,,,
ROTOR GOV ACTIVE,Bool,N,,,
ROTOR LATERAL TRIM PCT,Percent Over 100,N,,,
ROTOR RPM PCT,Percent Over 100,N,,,
SMOKE ENABLE,Bool,Y,,,
SMOKESYSTEM AVAILABLE,Bool,N,,,
PITOT HEAT,Bool,N,,,
FOLDING WING LEFT PERCENT,Percent Over 100,Y,,,
FOLDING WING RIGHT PERCENT,Percent Over 100,Y,,,
CANOPY OPEN,Percent Over 100,Y,,,
TAILHOOK POSITION,Percent Over 100,Y,,,
EXIT OPEN:index,Percent Over 100,Y,,,
STALL HORN AVAILABLE,Bool,N,,,
ENGINE MIXURE AVAILABLE,Bool,N,,,
CARB HEAT AVAILABLE,Bool,N,,,
SPOILER AVAILABLE,Bool,N,,,
IS TAIL DRAGGER,Bool,N,,,
STROBES AVAILABLE,Bool,N,,,
TOE BRAKES AVAILABLE,Bool,N,,,
PUSHBACK STATE,Enum,Y,,,
ELECTRICAL MASTER BATTERY,Bool,Y,,,
ELECTRICAL TOTAL LOAD AMPS,Amperes,Y,,,
ELECTRICAL BATTERY LOAD,Amperes,Y,,,
ELECTRICAL BATTERY VOLTAGE,Volts,Y,,,
ELECTRICAL MAIN BUS VOLTAGE,Volts,Y,,,
ELECTRICAL MAIN BUS AMPS,Amperes,Y,,,
ELECTRICAL AVIONICS BUS VOLTAGE,Volts,Y,,,
ELECTRICAL AVIONICS BUS AMPS,Amperes,Y,,,
ELECTRICAL HOT BATTERY BUS VOLTAGE,Volts,Y,,,
ELECTRICAL HOT BATTERY BUS AMPS,Amperes,Y,,,
ELECTRICAL BATTERY BUS VOLTAGE,Volts,Y,,,
ELECTRICAL BATTERY BUS AMPS,Amperes,Y,,,
ELECTRICAL GENALT BUS VOLTAGE:index,Volts,Y,,,
ELECTRICAL GENALT BUS AMPS:index,Amperes,Y,,,
CIRCUIT GENERAL PANEL ON,Bool,N,,,
CIRCUIT FLAP MOTOR ON,Bool,N,,,
CIRCUIT GEAR MOTOR ON,Bool,N,,,
CIRCUIT AUTOPILOT ON,Bool,N,,,
CIRCUIT AVIONICS ON,Bool,N,,,
CIRCUIT PITOT HEAT ON,Bool,N,,,
CIRCUIT PROP SYNC ON,Bool,N,,,
CIRCUIT AUTO FEATHER ON,Bool,N,,,
CIRCUIT AUTO BRAKES ON,Bool,N,,,
CIRCUIT STANDY VACUUM ON,Bool,N,,,
CIRCUIT MARKER BEACON ON,Bool,N,,,
CIRCUIT GEAR WARNING ON,Bool,N,,,
CIRCUIT HYDRAULIC PUMP ON,Bool,N,,,
HYDRAULIC PRESSURE:index,Pound force per square foot,N,,,
HYDRAULIC RESERVOIR PERCENT:index,Percent Over 100,Y,,,
HYDRAULIC SYSTEM INTEGRITY,Percent Over 100,N,,,
STRUCTURAL DEICE SWITCH,Bool,N,,,
TOTAL WEIGHT,Pounds,N,,,
MAX GROSS WEIGHT,Pounds,N,,,
EMPTY WEIGHT,Pounds,N,,,
IS USER SIM,Bool,N,,,
SIM DISABLED,Bool,Y,,,
G FORCE,GForce,Y,,,
ATC HEAVY,Bool,Y,,,
AUTO COORDINATION,Bool,Y,,,
REALISM,Number,Y,,,
TRUE AIRSPEED SELECTED,Bool,Y,,,
DESIGN SPEED VS0,Feet per second,N,,,
DESIGN SPEED VS1,Feet per second,N,,,
DESIGN SPEED VC,Feet per second,N,,,
MIN DRAG VELOCITY,Feet per second,N,,,
ESTIMATED CRUISE SPEED,Feet per second,N,,,
CG PERCENT,Percent over 100,N,,,
CG PERCENT LATERAL,Percent over 100,N,,,
IS SLEW ACTIVE,Bool,Y,,,
IS SLEW ALLOWED,Bool,Y,,,
ATC SUGGESTED MIN RWY TAKEOFF,Feet,N,,,
ATC SUGGESTED MIN RWY LANDING,Feet,N,,,
PAYLOAD STATION WEIGHT:index,Pounds,Y,,,
PAYLOAD STATION COUNT,Number,N,,,
USER INPUT ENABLED,Bool,Y,,,
TYPICAL DESCENT RATE,Feet per minute,N,,,
VISUAL MODEL RADIUS,Meters,N,,,
CATEGORY,String,N,,,
SIGMA SQRT,Number,N,,,
DYNAMIC PRESSURE,Pounds per square foot,N,,,
TOTAL VELOCITY,Feet per second,N,,,
AIRSPEED SELECT INDICATED OR TRUE,Knots,N,,,
VARIOMETER RATE,Feet per second,N,,,
VARIOMETER SWITCH,Bool,N,,,
PRESSURE ALTITUDE,Meters,N,,,
MAGNETIC COMPASS,Degrees,N,,,
TURN INDICATOR RATE,Radians per second,N,,,
TURN INDICATOR SWITCH,Bool,N,,,
YOKE Y INDICATOR,Position,N,,,
YOKE X INDICATOR,Position,N,,,
RUDDER PEDAL INDICATOR,Position,N,,,
BRAKE DEPENDENT HYDRAULIC PRESSURE,foot pounds,N,,,
PANEL ANTI ICE SWITCH,Bool,N,,,
WING AREA,Square feet,N,,,
WING SPAN,Feet,N,,,
BETA DOT,Radians per second,N,,,
LINEAR CL ALPHA,Per radian,N,,,
STALL ALPHA,Radians,N,,,
ZERO LIFT ALPHA,Radians,N,,,
CG AFT LIMIT,Percent over 100,N,,,
CG FWD LIMIT,Percent over 100,N,,,
CG MAX MACH,Machs,N,,,
CG MIN MACH,Machs,N,,,
PAYLOAD STATION NAME,String,N,,,
ELEVON DEFLECTION,Radians,N,,,
EXIT TYPE,Enum,N,,,
EXIT POSX,Feet,N,,,
EXIT POSY,Feet,N,,,
EXIT POSZ,Feet,N,,,
DECISION HEIGHT,Feet,N,,,
DECISION ALTITUDE MSL,Feet,N,,,
EMPTY WEIGHT PITCH MOI,slug feet squared,N,,,
EMPTY WEIGHT ROLL MOI,slug feet squared,N,,,
EMPTY WEIGHT YAW MOI,slug feet squared,N,,,
EMPTY WEIGHT CROSS COUPLED MOI,slug feet squared,N,,,
TOTAL WEIGHT PITCH MOI,slug feet squared,N,,,
TOTAL WEIGHT ROLL MOI,slug feet squared,N,,,
TOTAL WEIGHT YAW MOI,slug feet squared,N,,,
TOTAL WEIGHT CROSS COUPLED MOI,slug feet squared,N,,,
WATER BALLAST VALVE,Bool,N,,,
MAX RATED ENGINE RPM,Rpm,N,,,
FULL THROTTLE THRUST TO WEIGHT RATIO,Number,N,,,
PROP AUTO CRUISE ACTIVE,Bool,N,,,
PROP ROTATION ANGLE,Radians,N,,,
PROP BETA MAX,Radians,N,,,
PROP BETA MIN,Radians,N,,,
PROP BETA MIN REVERSE,Radians,N,,,
FUEL SELECTED TRANSFER MODE,Enum,N,,,
DROPPABLE OBJECTS UI NAME,String,N,,,
MANUAL FUEL PUMP HANDLE,Percent over 100,N,,,
BLEED AIR SOURCE CONTROL,Enum,N,,,
ELECTRICAL OLD CHARGING AMPS,Amps,N,,,
HYDRAULIC SWITCH,Bool,N,,,
CONCORDE VISOR NOSE HANDLE,Enum,N,,,
CONCORDE VISOR POSITION PERCENT,Percent over 100,N,,,
CONCORDE NOSE ANGLE,Radians,N,,,
REALISM CRASH WITH OTHERS,Bool,N,,,
REALISM CRASH DETECTION,Bool,N,,,
MANUAL INSTRUMENT LIGHTS,Bool,N,,,
PITOT ICE PCT,Percent over 100,N,,,
SEMIBODY LOADFACTOR Y,Number,N,,,
SEMIBODY LOADFACTOR YDOT,Per second,N,,,
RAD INS SWITCH,Bool,N,,,
SIMULATED RADIUS,Feet,N,,,
STRUCTURAL ICE PCT,Percent over 100,N,,,
ARTIFICIAL GROUND ELEVATION,Feet,N,,,
SURFACE INFO VALID,Bool,N,,,
SURFACE CONDITION,Enum,N,,,
PUSHBACK ANGLE,Radians,N,,,
PUSHBACK CONTACTX,Feet,N,,,
PUSHBACK CONTACTY,Feet,N,,,
PUSHBACK CONTACTZ,Feet,N,,,
PUSHBACK WAIT,Bool,N,,,
YAW STRING ANGLE,Radians,N,,,
YAW STRING PCT EXTENDED,Percent over 100,N,,,
INDUCTOR COMPASS PERCENT DEVIATION,Percent over 100,N,,,
INDUCTOR COMPASS HEADING REF,Radians,N,,,
ANEMOMETER PCT RPM,Percent over 100,N,,,
ROTOR ROTATION ANGLE,Radians,N,,,
DISK PITCH ANGLE,Radians,N,,,
DISK BANK ANGLE,Radians,N,,,
DISK PITCH PCT,Percent over 100,N,,,
DISK BANK PCT,Percent over 100,N,,,
DISK CONING PCT,Percent over 100,N,,,
NAV VOR LLAF64,SIMCONNECT_DATA_LATLONALT,N,,,
NAV GS LLAF64,SIMCONNECT_DATA_LATLONALT,N,,,
STATIC CG TO GROUND,Feet,N,,,
STATIC PITCH,Radians,N,,,
CRASH SEQUENCE,Enum,N,,,
CRASH FLAG,Enum,N,,,
TOW RELEASE HANDLE,Percent over 100,N,,,
TOW CONNECTION,Bool,N,,,
APU PCT RPM,Percent over 100,N,,,
APU PCT STARTER,Percent over 100,N,,,
APU VOLTS,Volts,N,,,
APU GENERATOR SWITCH,Bool,N,,,
APU GENERATOR ACTIVE,Bool,N,,,
APU ON FIRE DETECTED,Bool,N,,,
PRESSURIZATION CABIN ALTITUDE,Feet,N,,,
PRESSURIZATION CABIN ALTITUDE GOAL,Feet,N,,,
PRESSURIZATION CABIN ALTITUDE RATE,Feet per second,N,,,
PRESSURIZATION PRESSURE DIFFERENTIAL,foot pounds,N,,,
PRESSURIZATION DUMP SWITCH,Bool,N,,,
FIRE BOTTLE SWITCH,Bool,N,,,
FIRE BOTTLE DISCHARGED,Bool,N,,,
CABIN NO SMOKING ALERT SWITCH,Bool,Y,,,
CABIN SEATBELTS ALERT SWITCH,Bool,Y,,,
GPWS WARNING,Bool,N,,,
GPWS SYSTEM ACTIVE,Bool,Y,,,
IS LATITUDE LONGITUDE FREEZE ON,Bool,N,,,
IS ALTITUDE FREEZE ON,Bool,N,,,
IS ATTITUDE FREEZE ON,Bool,N,,,
ATC TYPE,String64,N,,,
ATC MODEL,String64,N,,,
ATC ID,String64,Y,,,
ATC AIRLINE,String64,Y,,,
ATC FLIGHT NUMBER,String8,Y,,,
TITLE,Variable length string,N,,,
HSI STATION IDENT,String8,N,,,
GPS APPROACH AIRPORT ID,String,N,,,
GPS APPROACH APPROACH ID,String,N,,,
GPS APPROACH TRANSITION ID,String,N,,,
ABSOLUTE TIME,Seconds,N,,,
ZULU TIME,Seconds,N,,,
ZULU DAY OF WEEK,Number,N,,,
ZULU DAY OF MONTH,Number,N,,,
ZULU MONTH OF YEAR,Number,N,,,
ZULU DAY OF YEAR,Number,N,,,
ZULU YEAR,Number,N,,,
LOCAL TIME,Seconds,N,,,
LOCAL DAY OF WEEK,Number,N,,,
LOCAL DAY OF MONTH,Number,N,,,
LOCAL MONTH OF YEAR,Number,N,,,
LOCAL DAY OF YEAR,Number,N,,,
LOCAL YEAR,Number,N,,,
TIME ZONE OFFSET,Seconds,N,,,
TIME OF DAY,Enum,N,,,
SIMULATION RATE,Number,N,,,
UNITS OF MEASURE,Enum,N,,,